{
  "qweqweqwe": 0.123123,
  "qweqweqwedata": 0.123123,
  "qweqweqwe1": 0.123123,
  "qweqweqwe2": 0.123123,
  "qweqweqwe3": 0.123123
}